symbol,exp,strike,right,bid,ask,mid,OI,volume,IV (%)
AAPL  251205C00280000,20251205,280.0,C,0,0,0,21998,22805,
AAPL  251205C00282500,20251205,282.5,C,0,0,0,17199,0,
AAPL  251205C00275000,20251205,275.0,C,0,0,0,6451,11316,
AAPL  251205P00280000,20251205,280.0,P,0,0,0,5850,1646,
AAPL  251205P00275000,20251205,275.0,P,0,0,0,5103,10972,
AAPL  251205P00277500,20251205,277.5,P,0,0,0,3740,3462,
AAPL  251205C00277500,20251205,277.5,C,0,0,0,3374,19532,
AAPL  251205C00272500,20251205,272.5,C,0,0,0,2587,1624,
AAPL  251205P00272500,20251205,272.5,P,0,0,0,2188,4090,
AAPL  251205P00282500,20251205,282.5,P,0,0,0,568,0,
